dataset_id,source,stem,n,p,family,cluster_cons,cluster_lib,synthetic_control
libsvm__australian,libsvm,australian,690.0,14.0,real_tabular,aus_credit,aus_credit,False
libsvm__breast_cancer,libsvm,breast_cancer,683.0,10.0,real_tabular,breast_cancer,breast_cancer,False
libsvm__colon_cancer,libsvm,colon_cancer,62.0,2000.0,real_tabular,colon_cancer,colon_cancer,False
libsvm__diabetes,libsvm,diabetes,768.0,8.0,real_tabular,diabetes,diabetes,False
libsvm__fourclass,libsvm,fourclass,862.0,2.0,real_tabular,fourclass,fourclass,False
libsvm__german_numer,libsvm,german_numer,1000.0,24.0,real_tabular,german_numer,german_numer,False
libsvm__heart,libsvm,heart,270.0,13.0,real_tabular,heart,heart,False
libsvm__ionosphere,libsvm,ionosphere,351.0,33.0,real_tabular,ionosphere,ionosphere,False
libsvm__liver_disorders,libsvm,liver_disorders,145.0,5.0,real_tabular,bupa,bupa,False
libsvm__mushrooms,libsvm,mushrooms,2000.0,111.0,real_tabular,mushrooms,mushrooms,False
libsvm__sonar,libsvm,sonar,208.0,60.0,real_tabular,sonar,sonar,False
libsvm__splice,libsvm,splice,1000.0,60.0,real_tabular,splice,splice,False
libsvm__svmguide1,libsvm,svmguide1,2000.0,4.0,real_tabular,svmguide1,svmguide1,False
openml__banknote-authentication,openml,banknote-authentication,1372.0,4.0,real_tabular,banknote-authentication,banknote-authentication,False
openml__blood-transfusion-service-center,openml,blood-transfusion-service-center,748.0,4.0,real_tabular,blood-transfusion-service-center,blood-transfusion-service-center,False
openml__climate-model-simulation-crashes,openml,climate-model-simulation-crashes,540.0,18.0,real_tabular,climate-model-simulation-crashes,climate-model-simulation-crashes,False
openml__credit-approval,openml,credit-approval,653.0,46.0,real_tabular,aus_credit,aus_credit,False
openml__ilpd,openml,ilpd,583.0,11.0,real_tabular,ilpd,ilpd,False
openml__kc1,openml,kc1,2109.0,21.0,real_tabular,nasa_promise,nasa_promise,False
openml__kc2,openml,kc2,522.0,21.0,real_tabular,nasa_promise,nasa_promise,False
openml__madelon,openml,madelon,2600.0,500.0,real_tabular,madelon,madelon,False
openml__ozone-level-8hr,openml,ozone-level-8hr,2534.0,72.0,real_tabular,ozone-level-8hr,ozone-level-8hr,False
openml__pc1,openml,pc1,1109.0,21.0,real_tabular,nasa_promise,nasa_promise,False
openml__pc3,openml,pc3,1563.0,37.0,real_tabular,nasa_promise,nasa_promise,False
openml__pc4,openml,pc4,1458.0,37.0,real_tabular,nasa_promise,nasa_promise,False
openml__qsar-biodeg,openml,qsar-biodeg,1055.0,41.0,real_tabular,qsar-biodeg,qsar-biodeg,False
openml__tic-tac-toe,openml,tic-tac-toe,958.0,27.0,real_tabular,tic-tac-toe,tic-tac-toe,False
openml__wdbc,openml,wdbc,569.0,30.0,real_tabular,wdbc,wdbc,False
pmlb__GAMETES_Epistasis_2_Way_1000atts_0.4H_EDM_1_EDM_1_1,pmlb,GAMETES_Epistasis_2_Way_1000atts_0.4H_EDM_1_EDM_1_1,1600.0,1000.0,epistasis,GAMETES,GAMETES_epi,False
pmlb__GAMETES_Epistasis_2_Way_20atts_0.1H_EDM_1_1,pmlb,GAMETES_Epistasis_2_Way_20atts_0.1H_EDM_1_1,1600.0,20.0,epistasis,GAMETES,GAMETES_epi,False
pmlb__GAMETES_Epistasis_2_Way_20atts_0.4H_EDM_1_1,pmlb,GAMETES_Epistasis_2_Way_20atts_0.4H_EDM_1_1,1600.0,20.0,epistasis,GAMETES,GAMETES_epi,False
pmlb__GAMETES_Epistasis_3_Way_20atts_0.2H_EDM_1_1,pmlb,GAMETES_Epistasis_3_Way_20atts_0.2H_EDM_1_1,1600.0,20.0,epistasis,GAMETES,GAMETES_epi,False
pmlb__GAMETES_Heterogeneity_20atts_1600_Het_0.4_0.2_50_EDM_2_001,pmlb,GAMETES_Heterogeneity_20atts_1600_Het_0.4_0.2_50_EDM_2_001,1600.0,20.0,epistasis,GAMETES,GAMETES_het,False
pmlb__GAMETES_Heterogeneity_20atts_1600_Het_0.4_0.2_75_EDM_2_001,pmlb,GAMETES_Heterogeneity_20atts_1600_Het_0.4_0.2_75_EDM_2_001,1600.0,20.0,epistasis,GAMETES,GAMETES_het,False
pmlb__Hill_Valley_with_noise,pmlb,Hill_Valley_with_noise,1212.0,100.0,real_tabular,hill_valley,hill_valley,False
pmlb__Hill_Valley_without_noise,pmlb,Hill_Valley_without_noise,1212.0,100.0,real_tabular,hill_valley,hill_valley,False
pmlb__analcatdata_aids,pmlb,analcatdata_aids,50.0,4.0,real_tabular,analcatdata_aids,analcatdata_aids,False
pmlb__analcatdata_asbestos,pmlb,analcatdata_asbestos,83.0,3.0,real_tabular,analcatdata_asbestos,analcatdata_asbestos,False
pmlb__analcatdata_bankruptcy,pmlb,analcatdata_bankruptcy,50.0,6.0,real_tabular,analcatdata_bankruptcy,analcatdata_bankruptcy,False
pmlb__analcatdata_boxing1,pmlb,analcatdata_boxing1,120.0,3.0,real_tabular,boxing,boxing,False
pmlb__analcatdata_boxing2,pmlb,analcatdata_boxing2,132.0,3.0,real_tabular,boxing,boxing,False
pmlb__analcatdata_creditscore,pmlb,analcatdata_creditscore,100.0,6.0,real_tabular,analcatdata_creditscore,analcatdata_creditscore,False
pmlb__analcatdata_cyyoung8092,pmlb,analcatdata_cyyoung8092,97.0,10.0,real_tabular,cyyoung,cyyoung,False
pmlb__analcatdata_cyyoung9302,pmlb,analcatdata_cyyoung9302,92.0,10.0,real_tabular,cyyoung,cyyoung,False
pmlb__analcatdata_fraud,pmlb,analcatdata_fraud,42.0,11.0,real_tabular,analcatdata_fraud,analcatdata_fraud,False
pmlb__analcatdata_japansolvent,pmlb,analcatdata_japansolvent,52.0,9.0,real_tabular,analcatdata_japansolvent,analcatdata_japansolvent,False
pmlb__analcatdata_lawsuit,pmlb,analcatdata_lawsuit,264.0,4.0,real_tabular,analcatdata_lawsuit,analcatdata_lawsuit,False
pmlb__appendicitis,pmlb,appendicitis,106.0,7.0,real_tabular,appendicitis,appendicitis,False
pmlb__backache,pmlb,backache,180.0,32.0,real_tabular,backache,backache,False
pmlb__biomed,pmlb,biomed,209.0,8.0,real_tabular,biomed,biomed,False
pmlb__breast_cancer,pmlb,breast_cancer,286.0,9.0,real_tabular,breast_cancer_ljubljana,breast_cancer_ljubljana,False
pmlb__bupa,pmlb,bupa,345.0,5.0,real_tabular,bupa,bupa,False
pmlb__clean1,pmlb,clean1,476.0,168.0,real_tabular,clean1,clean1,False
pmlb__corral,pmlb,corral,160.0,6.0,real_tabular,boolean_synthetic,corral,False
pmlb__glass2,pmlb,glass2,163.0,9.0,real_tabular,glass2,glass2,False
pmlb__haberman,pmlb,haberman,306.0,3.0,real_tabular,haberman,haberman,False
pmlb__hepatitis,pmlb,hepatitis,155.0,19.0,real_tabular,hepatitis,hepatitis,False
pmlb__irish,pmlb,irish,500.0,5.0,real_tabular,irish,irish,False
pmlb__labor,pmlb,labor,57.0,16.0,real_tabular,labor,labor,False
pmlb__lupus,pmlb,lupus,87.0,3.0,real_tabular,lupus,lupus,False
pmlb__mofn_3_7_10,pmlb,mofn_3_7_10,1324.0,10.0,real_tabular,boolean_synthetic,mofn_3_7_10,False
pmlb__molecular_biology_promoters,pmlb,molecular_biology_promoters,106.0,57.0,real_tabular,molecular_biology_promoters,molecular_biology_promoters,False
pmlb__monk1,pmlb,monk1,556.0,6.0,boolean_concept,boolean_synthetic,monk,False
pmlb__monk2,pmlb,monk2,601.0,6.0,boolean_concept,boolean_synthetic,monk,False
pmlb__monk3,pmlb,monk3,554.0,6.0,boolean_concept,boolean_synthetic,monk,False
pmlb__mux6,pmlb,mux6,128.0,6.0,boolean_concept,boolean_synthetic,mux6,False
pmlb__parity5+5,pmlb,parity5+5,1124.0,10.0,boolean_concept,boolean_synthetic,parity,False
pmlb__parity5,pmlb,parity5,32.0,5.0,boolean_concept,boolean_synthetic,parity,False
pmlb__postoperative_patient_data,pmlb,postoperative_patient_data,88.0,8.0,real_tabular,postoperative_patient_data,postoperative_patient_data,False
pmlb__prnn_crabs,pmlb,prnn_crabs,200.0,7.0,real_tabular,prnn_crabs,prnn_crabs,False
pmlb__prnn_synth,pmlb,prnn_synth,250.0,2.0,real_tabular,prnn_synth,prnn_synth,False
pmlb__profb,pmlb,profb,672.0,9.0,real_tabular,profb,profb,False
pmlb__saheart,pmlb,saheart,462.0,9.0,real_tabular,saheart,saheart,False
pmlb__spect,pmlb,spect,267.0,22.0,real_tabular,spect,spect,False
pmlb__spectf,pmlb,spectf,349.0,44.0,real_tabular,spect,spect,False
pmlb__threeOf9,pmlb,threeOf9,512.0,9.0,boolean_concept,boolean_synthetic,threeOf9,False
pmlb__tokyo1,pmlb,tokyo1,959.0,42.0,real_tabular,tokyo1,tokyo1,False
pmlb__xd6,pmlb,xd6,973.0,9.0,boolean_concept,boolean_synthetic,xd6,False
qdata_x_view__eng_zz_n6_gq1_s0,qdata_x_view,eng_zz_n6_gq1_s0,300.0,6.0,synthetic,syn_eng,syn_eng,True
qdata_x_view__eng_zz_n6_gq1_s0_dmunit,qdata_x_view,eng_zz_n6_gq1_s0_dmunit,300.0,6.0,synthetic,syn_eng,syn_eng,True
qdata_x_view__gs_e2e_n8_k0.5_s0,qdata_x_view,gs_e2e_n8_k0.5_s0,400.0,15.0,synthetic,syn_gs,syn_gs_e2e,True
qdata_x_view__gs_sparse_n8_k0.5_s0,qdata_x_view,gs_sparse_n8_k0.5_s0,400.0,15.0,synthetic,syn_gs,syn_gs_sparse,True
qdata_x_view__hl_n6_g0.5_shots1000_s0,qdata_x_view,hl_n6_g0.5_shots1000_s0,400.0,12.0,synthetic,syn_hl,syn_hl,True
qdata_x_view__ql_evo_n8_tau1_s0,qdata_x_view,ql_evo_n8_tau1_s0,400.0,8.0,synthetic,syn_ql,syn_ql,True
qdata_x_view__ql_zz_n8_tau1_s0,qdata_x_view,ql_zz_n8_tau1_s0,400.0,8.0,synthetic,syn_ql,syn_ql,True
qdata_x_view__ql_zz_pqkdefaults,qdata_x_view,ql_zz_pqkdefaults,400.0,8.0,synthetic,syn_ql,syn_ql,True
qdata_x_view__te_n10_s4_seed0_tau0.25,qdata_x_view,te_n10_s4_seed0_tau0.25,400.0,10.0,synthetic,syn_te,syn_te,True
qdata_x_view__te_n10_s4_seed0_tau0.5,qdata_x_view,te_n10_s4_seed0_tau0.5,400.0,10.0,synthetic,syn_te,syn_te,True
qdata_x_view__te_n10_s4_seed0_tau1,qdata_x_view,te_n10_s4_seed0_tau1,400.0,10.0,synthetic,syn_te,syn_te,True
qdata_x_view__te_n10_s4_seed0_tau2,qdata_x_view,te_n10_s4_seed0_tau2,400.0,10.0,synthetic,syn_te,syn_te,True
qdata_x_view__te_n10_s4_seed0_tau4,qdata_x_view,te_n10_s4_seed0_tau4,400.0,10.0,synthetic,syn_te,syn_te,True
